Sub assy no,FG number,Sub assy name,Model,Line,Seq.no,Part number,Part name,Code/Loc,Qty
A0343-72023,48510-0A040,Piston ass'y,740B,G3,1,A0341-00607,VALVE STOPPER,P-2-1,1
A0343-72023,48510-0A040,Piston ass'y,740B,G3,2,A0341-02801-LC,SHIM,P-2-2,1
A0343-72023,48510-0A040,Piston ass'y,740B,G3,3,A0341-02034,LEAF VALVE,P-2-4,2
A0343-72023,48510-0A040,Piston ass'y,740B,G3,4,A0341-12003,LEAF VALVE,P-2-5,1
A0343-72023,48510-0A040,Piston ass'y,740B,G3,5,A0341-32077-L,LEAF VALVE,P-3-1,1
A0343-72023,48510-0A040,Piston ass'y,740B,G3,6,A0341-30564G-L,MOLD PISTON,,1
A0343-72023,48510-0A040,Piston ass'y,740B,G3,7,A0341-32056-LC,LEAF VALVE,P-3-3,2
A0343-72023,48510-0A040,Piston ass'y,740B,G3,8,A0341-32054,LEAF VALVE,P-3-2,2
A0343-72023,48510-0A040,Piston ass'y,740B,G3,9,A0341-02802-LC,SHIM,P-2-2,1
A0343-72023,48510-0A040,Piston ass'y,740B,G3,10,A0341-01103-LC,PISTON V. NUT,P-3-5,1
